{
   
   "product" :     [
                {
            id : 0;
            "name" = "Product one";
            "discription" = "Opening of Box";
            "regularprice":"900"
            "saleprice":"300"
            "colors":[
              {"color": "red", "id": "0"},
              {"color": "blue", "id": "1"},
              {"color": "pink", "id": "2"},
              {"color": "yellow", "id": "3"},
              {"color": "gray", "id": "4"},
              {"color": "sky", "id": "5"},
              {"color": "black", "id": "6"},
            ]
            "stores": {
              "storeitem": [
                {"value": "New", "onclick": "CreateNewDoc()"},
                {"value": "Open", "onclick": "OpenDoc()"},
                {"value": "Close", "onclick": "CloseDoc()"}
              ]
            }
            
            
        },
                {
            id = 1;
            "name": "Product two";
            "discription": "Opening of Box";
            "regularprice":"900"
            "saleprice":"300"
            "colors":[
              {"color": "red", "id": "0"},
              {"color": "blue", "id": "1"},
              {"color": "pink", "id": "2"},
              {"color": "yellow", "id": "3"},
              {"color": "gray", "id": "4"},
              {"color": "sky", "id": "5"},
              {"color": "black", "id": "6"},
            ]
            "stores": {
              "storeitem": [
                {"value": "New", "onclick": "CreateNewDoc()"},
                {"value": "Open", "onclick": "OpenDoc()"},
                {"value": "Close", "onclick": "CloseDoc()"}
              ]
            }
        },
                {
            id = 2;
            "name" : "product three";
            "discription": "Opening of Box";
            "regularprice":"900"
            "saleprice":"300"
            "colors":[
              {"color": "red", "id": "0"},
              {"color": "blue", "id": "1"},
              {"color": "pink", "id": "2"},
              {"color": "yellow", "id": "3"},
              {"color": "gray", "id": "4"},
              {"color": "sky", "id": "5"},
              {"color": "black", "id": "6"},
            ]
            "stores": {
              "storeitem": [
                {"value": "New", "onclick": "CreateNewDoc()"},
                {"value": "Open", "onclick": "OpenDoc()"},
                {"value": "Close", "onclick": "CloseDoc()"}
              ]
            }
        }
                
    ];
   
}
